{
    "declare": "metatab-latest",
    "title": "Food Access Research Atlas, San Diego",
    "description": [
        "The Atlas presents spatial data about supermarket accessibility and provides",
        "census-tract level data for food access"
    ],
    "identifier": "eba2a3d2-9f37-4d09-99c9-f3481674b4fa",
    "name": "usda.gov-food_access-1",
    "dataset": "food_access",
    "origin": "usda.gov",
    "version": "1",
    "group": "planning-project",
    "created": "2018-09-16T23:21:35",
    "modified": "2018-09-21T17:05:47",
    "issued": "2018-09-21T17:05:47",
    "ckanid": "c7b8ca48-71d3-441c-805b-76ec5520daa8",
    "giturl": "https://github.com/Metatab/metatab-packages.git",
    "resources": [
        {
            "path": "data/sd_food_atlas.csv",
            "name": "sd_food_atlas",
            "schema": {
                "fields": [
                    {
                        "name": "CensusTract",
                        "description": "Census tract geoid, ACS format.",
                        "type": "string"
                    },
                    {
                        "name": "State",
                        "description": "State name",
                        "type": "string"
                    },
                    {
                        "name": "County",
                        "description": "County name",
                        "type": "string"
                    },
                    {
                        "name": "Urban",
                        "description": "Flag for urban tract",
                        "type": "integer"
                    },
                    {
                        "name": "POP2010",
                        "description": "Population count from 2010 census",
                        "type": "integer"
                    },
                    {
                        "name": "OHU2010",
                        "description": "Occupied housing unit count from 2010 census",
                        "type": "integer"
                    },
                    {
                        "name": "GroupQuartersFlag",
                        "description": "Flag for tract where >=67%",
                        "type": "integer"
                    },
                    {
                        "name": "NUMGQTRS",
                        "description": "Count of tract population residing in group quarters",
                        "type": "integer"
                    },
                    {
                        "name": "PCTGQTRS",
                        "description": "Percent of tract population residing in group quarters",
                        "type": "number"
                    },
                    {
                        "name": "LILATracts_1And10",
                        "description": "Flag for food desert when considering low accessibilty at 1 and 10 miles",
                        "type": "integer"
                    },
                    {
                        "name": "LILATracts_halfAnd10",
                        "description": "Flag for food desert when considering low accessibilty at 1/2 and 10 miles",
                        "type": "integer"
                    },
                    {
                        "name": "LILATracts_1And20",
                        "description": "Flag for food desert when considering low accessibilty at 1 and 20 miles",
                        "type": "integer"
                    },
                    {
                        "name": "LILATracts_Vehicle",
                        "description": "Flag for food desert when considering vehicle access or at 20 miles",
                        "type": "integer"
                    },
                    {
                        "name": "HUNVFlag",
                        "description": "Flag for tract where >= 100 of households do not have a vehicle, and beyond 1/2 mile from supermarket",
                        "type": "integer"
                    },
                    {
                        "name": "LowIncomeTracts",
                        "description": "Flag for low income tract",
                        "type": "integer"
                    },
                    {
                        "name": "PovertyRate",
                        "description": "Share of the tract population living with income at or below the Federal poverty thresholds for family size",
                        "type": "number"
                    },
                    {
                        "name": "MedianFamilyIncome",
                        "description": "Tract median family income",
                        "type": "integer"
                    },
                    {
                        "name": "LA1and10",
                        "description": "Flag for low access tract at 1 mile for urban areas or 10 miles for rural areas",
                        "type": "integer"
                    },
                    {
                        "name": "LAhalfand10",
                        "description": "Flag for low access tract at 1/2 mile for urban areas or 10 miles for rural areas",
                        "type": "integer"
                    },
                    {
                        "name": "LA1and20",
                        "description": "Flag for low access tract at 1 mile for urban areas or 20 miles for rural areas",
                        "type": "integer"
                    },
                    {
                        "name": "LATracts_half",
                        "description": "Flag for low access tract when considering 1/2 mile distance",
                        "type": "integer"
                    },
                    {
                        "name": "LATracts1",
                        "description": "Flag for low access tract when considering 1 mile distance",
                        "type": "integer"
                    },
                    {
                        "name": "LATracts10",
                        "description": "Flag for low access tract when considering 10 mile distance",
                        "type": "integer"
                    },
                    {
                        "name": "LATracts20",
                        "description": "Flag for low access tract when considering 20 mile distance",
                        "type": "integer"
                    },
                    {
                        "name": "LATractsVehicle_20",
                        "description": "Flag for tract where >= 100 of households do not have a vehicle, and beyond 1/2 mile from supermarket; or >= 500 individuals are beyond 20 miles from supermarket ; or >= 33% of individuals are beyond 20 miles from supermarket",
                        "type": "integer"
                    },
                    {
                        "name": "LAPOP1_10",
                        "description": "Population count beyond 1 mile for urban areas or 10 miles for rural areas from supermarket",
                        "type": "number"
                    },
                    {
                        "name": "LAPOP05_10",
                        "description": "Population count beyond 1/2 mile for urban areas or 10 miles for rural areas from supermarket",
                        "type": "number"
                    },
                    {
                        "name": "LAPOP1_20",
                        "description": "Population count beyond 1 mile for urban areas or 20 miles for rural areas from supermarket",
                        "type": "number"
                    },
                    {
                        "name": "LALOWI1_10",
                        "description": "Low income population count beyond 1 mile for urban areas or 10 miles for rural areas from supermarket",
                        "type": "number"
                    },
                    {
                        "name": "LALOWI05_10",
                        "description": "Low income population count beyond 1/2 mile for urban areas or 10 miles for rural areas from supermarket",
                        "type": "number"
                    },
                    {
                        "name": "LALOWI1_20",
                        "description": "Low income population count beyond 1 mile for urban areas or 20 miles for rural areas from supermarket",
                        "type": "number"
                    },
                    {
                        "name": "lapophalf",
                        "description": "Population count beyond 1/2 mile from supermarket",
                        "type": "number"
                    },
                    {
                        "name": "lapophalfshare",
                        "description": "Share of tract population that are beyond 1/2 mile from supermarket",
                        "type": "number"
                    },
                    {
                        "name": "lalowihalf",
                        "description": "Low income population count beyond 1/2 mile from supermarket",
                        "type": "number"
                    },
                    {
                        "name": "lalowihalfshare",
                        "description": "Share of tract population that are low income individuals beyond 1/2 mile from supermarket",
                        "type": "number"
                    },
                    {
                        "name": "lakidshalf",
                        "description": "Kids population count beyond 1/2 mile from supermarket",
                        "type": "number"
                    },
                    {
                        "name": "lakidshalfshare",
                        "description": "Share of tract population that are kids beyond 1/2 mile from supermarket",
                        "type": "number"
                    },
                    {
                        "name": "laseniorshalf",
                        "description": "Seniors population count beyond 1/2 mile from supermarket",
                        "type": "number"
                    },
                    {
                        "name": "laseniorshalfshare",
                        "description": "Share of tract population that are seniors beyond 1/2 mile from supermarket",
                        "type": "number"
                    },
                    {
                        "name": "lawhitehalf",
                        "description": "White population count beyond 1/2 mile from supermarket",
                        "type": "number"
                    },
                    {
                        "name": "lawhitehalfshare",
                        "description": "Share of tract population that are white beyond 1/2 mile from supermarket",
                        "type": "number"
                    },
                    {
                        "name": "lablackhalf",
                        "description": "Black or African American population count beyond 1/2 mile from supermarket",
                        "type": "number"
                    },
                    {
                        "name": "lablackhalfshare",
                        "description": "Share of tract population that are Black or African American beyond 1/2 mile from supermarket",
                        "type": "number"
                    },
                    {
                        "name": "laasianhalf",
                        "description": "Asian population count beyond 1/2 mile from supermarket",
                        "type": "number"
                    },
                    {
                        "name": "laasianhalfshare",
                        "description": "Share of tract population that are Asian beyond 1/2 mile from supermarket",
                        "type": "number"
                    },
                    {
                        "name": "lanhopihalf",
                        "description": "Native Hawaiian or Other Pacific Islander population count beyond 1/2 mile from supermarket",
                        "type": "number"
                    },
                    {
                        "name": "lanhopihalfshare",
                        "description": "Share of tract population that are Native Hawaiian or Other Pacific Islander beyond 1/2 mile from supermarket",
                        "type": "number"
                    },
                    {
                        "name": "laaianhalf",
                        "description": "American Indian or Alaska Native population count beyond 1/2 mile from supermarket",
                        "type": "number"
                    },
                    {
                        "name": "laaianhalfshare",
                        "description": "Share of tract population that are American Indian or Alaska Native beyond 1/2 mile from supermarket",
                        "type": "number"
                    },
                    {
                        "name": "laomultirhalf",
                        "description": "Other/Multiple race population count beyond 1/2 mile from supermarket",
                        "type": "number"
                    },
                    {
                        "name": "laomultirhalfshare",
                        "description": "Share of tract population that are Other/Multiple race beyond 1/2 mile from supermarket",
                        "type": "number"
                    },
                    {
                        "name": "lahisphalf",
                        "description": "Hispanic or Latino ethnicity population count beyond 1/2 mile from supermarket",
                        "type": "number"
                    },
                    {
                        "name": "lahisphalfshare",
                        "description": "Share of tract population that are of Hispanic or Latino ethnicity beyond 1/2 mile from supermarket",
                        "type": "number"
                    },
                    {
                        "name": "lahunvhalf",
                        "description": "Housing units without vehicle count beyond 1/2 mile from supermarket",
                        "type": "number"
                    },
                    {
                        "name": "lahunvhalfshare",
                        "description": "Share of tract housing units that are without vehicle and beyond 1/2 mile from supermarket",
                        "type": "number"
                    },
                    {
                        "name": "lasnaphalf",
                        "description": "Housing units receiving SNAP benefits count beyond 1/2 mile from supermarket",
                        "type": "number"
                    },
                    {
                        "name": "lasnaphalfshare",
                        "description": "Share of tract housing units receiving SNAP benefits count beyond 1/2 mile from supermarket",
                        "type": "number"
                    },
                    {
                        "name": "lapop1",
                        "description": "Population count beyond 1 mile from supermarket",
                        "type": "number"
                    },
                    {
                        "name": "lapop1share",
                        "description": "Share of tract population that are beyond 1 mile from supermarket",
                        "type": "number"
                    },
                    {
                        "name": "lalowi1",
                        "description": "Low income population count beyond 1 mile from supermarket",
                        "type": "number"
                    },
                    {
                        "name": "lalowi1share",
                        "description": "Share of tract population that are low income individuals beyond 1 mile from supermarket",
                        "type": "number"
                    },
                    {
                        "name": "lakids1",
                        "description": "Kids population count beyond 1 mile from supermarket",
                        "type": "number"
                    },
                    {
                        "name": "lakids1share",
                        "description": "Share of tract population that are kids beyond 1 mile from supermarket",
                        "type": "number"
                    },
                    {
                        "name": "laseniors1",
                        "description": "Seniors population count beyond 1 mile from supermarket",
                        "type": "number"
                    },
                    {
                        "name": "laseniors1share",
                        "description": "Share of tract population that are seniors beyond 1 mile from supermarket",
                        "type": "number"
                    },
                    {
                        "name": "lawhite1",
                        "description": "White population count beyond 1 mile from supermarket",
                        "type": "number"
                    },
                    {
                        "name": "lawhite1share",
                        "description": "Share of tract population that are white beyond 1 mile from supermarket",
                        "type": "number"
                    },
                    {
                        "name": "lablack1",
                        "description": "Black or African American population count beyond 1 mile from supermarket",
                        "type": "number"
                    },
                    {
                        "name": "lablack1share",
                        "description": "Share of tract population that are Black or African American beyond 1 mile from supermarket",
                        "type": "number"
                    },
                    {
                        "name": "laasian1",
                        "description": "Asian population count beyond 1 mile from supermarket",
                        "type": "number"
                    },
                    {
                        "name": "laasian1share",
                        "description": "Share of tract population that are Asian beyond 1 mile from supermarket",
                        "type": "number"
                    },
                    {
                        "name": "lanhopi1",
                        "description": "Native Hawaiian or Other Pacific Islander population count beyond 1 mile from supermarket",
                        "type": "number"
                    },
                    {
                        "name": "lanhopi1share",
                        "description": "Share of tract population that are Native Hawaiian or Other Pacific Islander beyond 1 mile from supermarket",
                        "type": "number"
                    },
                    {
                        "name": "laaian1",
                        "description": "American Indian or Alaska Native population count beyond 1 mile from supermarket",
                        "type": "number"
                    },
                    {
                        "name": "laaian1share",
                        "description": "Share of tract population that are American Indian or Alaska Native beyond 1 mile from supermarket",
                        "type": "number"
                    },
                    {
                        "name": "laomultir1",
                        "description": "Other/Multiple race population count beyond 1 mile from supermarket",
                        "type": "number"
                    },
                    {
                        "name": "laomultir1share",
                        "description": "Share of tract population that are Other/Multiple race beyond 1 mile from supermarket",
                        "type": "number"
                    },
                    {
                        "name": "lahisp1",
                        "description": "Hispanic or Latino ethnicity population count beyond 1 mile from supermarket",
                        "type": "number"
                    },
                    {
                        "name": "lahisp1share",
                        "description": "Share of tract population that are of Hispanic or Latino ethnicity beyond 1 mile from supermarket",
                        "type": "number"
                    },
                    {
                        "name": "lahunv1",
                        "description": "Housing units without vehicle count beyond 1 mile from supermarket",
                        "type": "number"
                    },
                    {
                        "name": "lahunv1share",
                        "description": "Share of tract housing units that are without vehicle and beyond 1 mile from supermarket",
                        "type": "number"
                    },
                    {
                        "name": "lasnap1",
                        "description": "Housing units receiving SNAP benefits count beyond 1 mile from supermarket",
                        "type": "number"
                    },
                    {
                        "name": "lasnap1share",
                        "description": "Share of tract housing units receiving SNAP benefits count beyond 1 mile from supermarket",
                        "type": "number"
                    },
                    {
                        "name": "lapop10",
                        "description": "Population count beyond 10 miles from supermarket",
                        "type": "integer"
                    },
                    {
                        "name": "lapop10share",
                        "description": "Share of tract population that are beyond 10 miles from supermarket",
                        "type": "integer"
                    },
                    {
                        "name": "lalowi10",
                        "description": "Low income population count beyond 10 miles from supermarket",
                        "type": "integer"
                    },
                    {
                        "name": "lalowi10share",
                        "description": "Share of tract population that are low income individuals beyond 10 miles from supermarket",
                        "type": "integer"
                    },
                    {
                        "name": "lakids10",
                        "description": "Kids population count beyond 10 miles from supermarket",
                        "type": "integer"
                    },
                    {
                        "name": "lakids10share",
                        "description": "Share of tract population that are kids beyond 10 miles from supermarket",
                        "type": "integer"
                    },
                    {
                        "name": "laseniors10",
                        "description": "Seniors population count beyond 10 miles from supermarket",
                        "type": "integer"
                    },
                    {
                        "name": "laseniors10share",
                        "description": "Share of tract population that are seniors beyond 10 miles from supermarket",
                        "type": "integer"
                    },
                    {
                        "name": "lawhite10",
                        "description": "White population count beyond 10 miles from supermarket",
                        "type": "integer"
                    },
                    {
                        "name": "lawhite10share",
                        "description": "Share of tract population that are white beyond 10 miles from supermarket",
                        "type": "integer"
                    },
                    {
                        "name": "lablack10",
                        "description": "Black or African American population count beyond 10 miles from supermarket",
                        "type": "integer"
                    },
                    {
                        "name": "lablack10share",
                        "description": "Share of tract population that are Black or African American beyond 10 miles from supermarket",
                        "type": "integer"
                    },
                    {
                        "name": "laasian10",
                        "description": "Asian population count beyond 10 miles from supermarket",
                        "type": "integer"
                    },
                    {
                        "name": "laasian10share",
                        "description": "Share of tract population that are Asian beyond 10 miles from supermarket",
                        "type": "integer"
                    },
                    {
                        "name": "lanhopi10",
                        "description": "Native Hawaiian or Other Pacific Islander population count beyond 10 miles from supermarket",
                        "type": "integer"
                    },
                    {
                        "name": "lanhopi10share",
                        "description": "Share of tract population that are Native Hawaiian or Other Pacific Islander beyond 10 miles from supermarket",
                        "type": "integer"
                    },
                    {
                        "name": "laaian10",
                        "description": "American Indian or Alaska Native population count beyond 10 miles from supermarket",
                        "type": "integer"
                    },
                    {
                        "name": "laaian10share",
                        "description": "Share of tract population that are American Indian or Alaska Native beyond 10 miles from supermarket",
                        "type": "integer"
                    },
                    {
                        "name": "laomultir10",
                        "description": "Other/Multiple race population count beyond 10 miles from supermarket",
                        "type": "integer"
                    },
                    {
                        "name": "laomultir10share",
                        "description": "Share of tract population that are Other/Multiple race beyond 10 miles from supermarket",
                        "type": "integer"
                    },
                    {
                        "name": "lahisp10",
                        "description": "Hispanic or Latino ethnicity population count beyond 10 miles from supermarket",
                        "type": "integer"
                    },
                    {
                        "name": "lahisp10share",
                        "description": "Share of tract population that are of Hispanic or Latino ethnicity beyond 10 miles from supermarket",
                        "type": "integer"
                    },
                    {
                        "name": "lahunv10",
                        "description": "Housing units without vehicle count beyond 10 miles from supermarket",
                        "type": "integer"
                    },
                    {
                        "name": "lahunv10share",
                        "description": "Share of tract housing units that are without vehicle and beyond 10 miles from supermarket",
                        "type": "integer"
                    },
                    {
                        "name": "lasnap10",
                        "description": "Housing units receiving SNAP benefits count beyond 10 miles from supermarket",
                        "type": "integer"
                    },
                    {
                        "name": "lasnap10share",
                        "description": "Share of tract housing units receiving SNAP benefits count beyond 10 miles from supermarket",
                        "type": "integer"
                    },
                    {
                        "name": "lapop20",
                        "description": "Population count beyond 20 miles from supermarket",
                        "type": "integer"
                    },
                    {
                        "name": "lapop20share",
                        "description": "Share of tract population that are beyond 20 miles from supermarket",
                        "type": "integer"
                    },
                    {
                        "name": "lalowi20",
                        "description": "Low income population count beyond 20 miles from supermarket",
                        "type": "integer"
                    },
                    {
                        "name": "lalowi20share",
                        "description": "Share of tract population that are low income individuals beyond 20 miles from supermarket",
                        "type": "integer"
                    },
                    {
                        "name": "lakids20",
                        "description": "Kids population count beyond 20 miles from supermarket",
                        "type": "integer"
                    },
                    {
                        "name": "lakids20share",
                        "description": "Share of tract population that are kids beyond 20 miles from supermarket",
                        "type": "integer"
                    },
                    {
                        "name": "laseniors20",
                        "description": "Seniors population count beyond 20 miles from supermarket",
                        "type": "integer"
                    },
                    {
                        "name": "laseniors20share",
                        "description": "Share of tract population that are seniors beyond 20 miles from supermarket",
                        "type": "integer"
                    },
                    {
                        "name": "lawhite20",
                        "description": "White population count beyond 20 miles from supermarket",
                        "type": "integer"
                    },
                    {
                        "name": "lawhite20share",
                        "description": "Share of tract population that are white beyond 20 miles from supermarket",
                        "type": "integer"
                    },
                    {
                        "name": "lablack20",
                        "description": "Black or African American population count beyond 20 miles from supermarket",
                        "type": "integer"
                    },
                    {
                        "name": "lablack20share",
                        "description": "Share of tract population that are Black or African American beyond 20 miles from supermarket",
                        "type": "integer"
                    },
                    {
                        "name": "laasian20",
                        "description": "Asian population count beyond 20 miles from supermarket",
                        "type": "integer"
                    },
                    {
                        "name": "laasian20share",
                        "description": "Share of tract population that are Asian beyond 20 miles from supermarket",
                        "type": "integer"
                    },
                    {
                        "name": "lanhopi20",
                        "description": "Native Hawaiian or Other Pacific Islander population count beyond 20 miles from supermarket",
                        "type": "integer"
                    },
                    {
                        "name": "lanhopi20share",
                        "description": "Share of tract population that are Native Hawaiian or Other Pacific Islander beyond 20 miles from supermarket",
                        "type": "integer"
                    },
                    {
                        "name": "laaian20",
                        "description": "American Indian or Alaska Native population count beyond 20 miles from supermarket",
                        "type": "integer"
                    },
                    {
                        "name": "laaian20share",
                        "description": "Share of tract population that are American Indian or Alaska Native beyond 20 miles from supermarket",
                        "type": "integer"
                    },
                    {
                        "name": "laomultir20",
                        "description": "Other/Multiple race population count beyond 20 miles from supermarket",
                        "type": "integer"
                    },
                    {
                        "name": "laomultir20share",
                        "description": "Share of tract population that are Other/Multiple race beyond 20 miles from supermarket",
                        "type": "integer"
                    },
                    {
                        "name": "lahisp20",
                        "description": "Hispanic or Latino ethnicity population count beyond 20 miles from supermarket",
                        "type": "integer"
                    },
                    {
                        "name": "lahisp20share",
                        "description": "Share of tract population that are of Hispanic or Latino ethnicity beyond 20 miles from supermarket",
                        "type": "integer"
                    },
                    {
                        "name": "lahunv20",
                        "description": "Housing units without vehicle count beyond 20 miles from supermarket",
                        "type": "integer"
                    },
                    {
                        "name": "lahunv20share",
                        "description": "Share of tract housing units that are without vehicle and beyond 20 miles from supermarket",
                        "type": "integer"
                    },
                    {
                        "name": "lasnap20",
                        "description": "Housing units receiving SNAP benefits count beyond 20 miles from supermarket",
                        "type": "integer"
                    },
                    {
                        "name": "lasnap20share",
                        "description": "Share of tract housing units receiving SNAP benefits count beyond 20 miles from supermarket",
                        "type": "integer"
                    },
                    {
                        "name": "TractLOWI",
                        "description": "Total count of low-income population in tract",
                        "type": "integer"
                    },
                    {
                        "name": "TractKids",
                        "description": "Total count of children age 0-17 in tract",
                        "type": "integer"
                    },
                    {
                        "name": "TractSeniors",
                        "description": "Total count of seniors age 65+ in tract",
                        "type": "integer"
                    },
                    {
                        "name": "TractWhite",
                        "description": "Total count of White population in tract",
                        "type": "integer"
                    },
                    {
                        "name": "TractBlack",
                        "description": "Total count of Black or African American population in tract",
                        "type": "integer"
                    },
                    {
                        "name": "TractAsian",
                        "description": "Total count of Asian population in tract",
                        "type": "integer"
                    },
                    {
                        "name": "TractNHOPI",
                        "description": "Total count of Native Hawaiian and Other Pacific Islander population in tract",
                        "type": "integer"
                    },
                    {
                        "name": "TractAIAN",
                        "description": "Total count of American Indian and Alaska Native population in tract",
                        "type": "integer"
                    },
                    {
                        "name": "TractOMultir",
                        "description": "Total count of Other/Multiple race population in tract",
                        "type": "integer"
                    },
                    {
                        "name": "TractHispanic",
                        "description": "Total count of Hispanic or Latino population in tract",
                        "type": "integer"
                    },
                    {
                        "name": "TractHUNV",
                        "description": "Total count of housing units without a vehicle in tract",
                        "type": "integer"
                    },
                    {
                        "name": "TractSNAP",
                        "description": "Total count of housing units receiving SNAP benefits in tract",
                        "type": "integer"
                    }
                ]
            }
        }
    ]
}