Declare,metatab-latest
Title,"Food Access Research Atlas, San Diego"
Description,The Atlas presents spatial data about supermarket accessibility and provides
Description,census-tract level data for food access
Identifier,eba2a3d2-9f37-4d09-99c9-f3481674b4fa
Name,usda.gov-food_access-1
Dataset,food_access
Origin,usda.gov
Version,1
Group,planning-project
Created,2018-09-16T23:21:35
Modified,2018-09-21T17:05:47
Issued,2018-09-21T17:05:47
Ckanid,c7b8ca48-71d3-441c-805b-76ec5520daa8
Giturl,https://github.com/Metatab/metatab-packages.git
""
Section,Contacts,Email,Organization,Url,
Creator,Michele Ver Ploeg,sverploeg@ers.usda.gov,USDA Economic Research Service,https://www.ers.usda.gov/authors/ers-staff-directory/michele-ver-ploeg/,
Creator,Vince Breneman,breneman@ers.usda.gov,USDA Economic Research Service,https://www.ers.usda.gov/authors/ers-staff-directory/vince-breneman/,
Creator,Alana Rhone,alana.y.rhone@ers.usda.gov,USDA Economic Research Service,https://www.ers.usda.gov/authors/ers-staff-directory/alana-rhone/,
Wrangler,Eric Busboom,eric@civicknowledge.com,Civic Knowledge,http://civicknowledge.com,
""
Section,Documentation,Title,Description,,
Documentation,file:README.md,README,,,
Documentation,https://www.ers.usda.gov/data-products/food-access-research-atlas/,Homepage,,,
Documentation,https://www.ers.usda.gov/webdocs/DataFiles/80591/documentation.pdf?v=0,Documentation,Documentation from last year; current year documentation not available.,,
""
Section,References,Name,Description,,
Reference,https://www.ers.usda.gov/webdocs/DataFiles/80591/DataDownload2015.xlsx?v=0,food_atlas_url,,,
Reference,file:data/food_atlas.csv#&encoding=ascii,us_food_atlas,"Food atlas, with tracts for whole US",,
""
Section,Resources,Name,Description,,
Datafile,data/sd_food_atlas.csv,sd_food_atlas,"Food atlas, San Diego county tracts only",,
""
Section,Schema,DataType,Long Name,Description
Table,sd_food_atlas,,,
Table.Column,geoid,string,Census tract,"Census tract geoid, ACS format."
Table.Column,state,string,State,State name
Table.Column,county,string,County,County name
Table.Column,urban,integer,Urban tract,Flag for urban tract
Table.Column,pop2010,integer,"Population, tract total",Population count from 2010 census
Table.Column,ohu2010,integer,"Housing units, total",Occupied housing unit count from 2010 census
Table.Column,groupquartersflag,integer,"Group quarters, tract with high share",Flag for tract where >=67%
Table.Column,numgqtrs,integer,"Group quarters, tract population residing in, number",Count of tract population residing in group quarters
Table.Column,pctgqtrs,number,"Group quarters, tract population residing in, share",Percent of tract population residing in group quarters
Table.Column,lilatracts_1and10,integer,Low income and low access tract measured at 1 mile for urban areas and 10 miles for rural areas,Flag for food desert when considering low accessibilty at 1 and 10 miles
Table.Column,lilatracts_halfand10,integer,Low income and low access tract measured at 1/2 mile for urban areas and 10 miles for rural areas,Flag for food desert when considering low accessibilty at 1/2 and 10 miles
Table.Column,lilatracts_1and20,integer,Low income and low access tract measured at 1 mile for urban areas and 20 miles for rural areas,Flag for food desert when considering low accessibilty at 1 and 20 miles
Table.Column,lilatracts_vehicle,integer,Low income and low access tract using vehicle access or low income and low access tract measured at 20 miles,Flag for food desert when considering vehicle access or at 20 miles
Table.Column,hunvflag,integer,"Vehicle access, tract with low vehicle access","Flag for tract where >= 100 of households do not have a vehicle, and beyond 1/2 mile from supermarket"
Table.Column,lowincometracts,integer,Low income tract,Flag for low income tract
Table.Column,povertyrate,number,Tract poverty rate,Share of the tract population living with income at or below the Federal poverty thresholds for family size
Table.Column,medianfamilyincome,integer,Tract median family income,Tract median family income
Table.Column,la1and10,integer,Low access tract at 1 mile for urban areas and 10 miles for rural areas,Flag for low access tract at 1 mile for urban areas or 10 miles for rural areas
Table.Column,lahalfand10,integer,Low access tract at 1/2 mile for urban areas and 10 miles for rural areas,Flag for low access tract at 1/2 mile for urban areas or 10 miles for rural areas
Table.Column,la1and20,integer,Low access tract at 1 mile for urban areas and 20 miles for rural areas,Flag for low access tract at 1 mile for urban areas or 20 miles for rural areas
Table.Column,latracts_half,integer,Low access tract at 1/2 mile,Flag for low access tract when considering 1/2 mile distance
Table.Column,latracts1,integer,Low access tract at 1 mile,Flag for low access tract when considering 1 mile distance
Table.Column,latracts10,integer,Low access tract at 10 miles,Flag for low access tract when considering 10 mile distance
Table.Column,latracts20,integer,Low access tract at 20 miles,Flag for low access tract when considering 20 mile distance
Table.Column,latractsvehicle_20,integer,Low access tract using vehicle access and at 20 miles  in rural areas,"Flag for tract where >= 100 of households do not have a vehicle, and beyond 1/2 mile from supermarket; or >= 500 individuals are beyond 20 miles from supermarket ; or >= 33% of individuals are beyond 20 miles from supermarket"
Table.Column,lapop1_10,number,"Low access, population at 1 mile for urban areas and 10 miles for rural areas, number",Population count beyond 1 mile for urban areas or 10 miles for rural areas from supermarket
Table.Column,lapop05_10,number,"Low access, population at 1/2 mile for urban areas and 10 miles for rural areas, number",Population count beyond 1/2 mile for urban areas or 10 miles for rural areas from supermarket
Table.Column,lapop1_20,number,"Low access, population at 1 mile for urban areas and 20 miles for rural areas, number",Population count beyond 1 mile for urban areas or 20 miles for rural areas from supermarket
Table.Column,lalowi1_10,number,"Low access, low-income population at 1 mile for urban areas and 10 miles for rural areas, number",Low income population count beyond 1 mile for urban areas or 10 miles for rural areas from supermarket
Table.Column,lalowi05_10,number,"Low access, low-income population at 1/2 mile for urban areas and 10 miles for rural areas, number",Low income population count beyond 1/2 mile for urban areas or 10 miles for rural areas from supermarket
Table.Column,lalowi1_20,number,"Low access, low-income population at 1 mile for urban areas and 20 miles for rural areas, number",Low income population count beyond 1 mile for urban areas or 20 miles for rural areas from supermarket
Table.Column,lapophalf,number,"Low access, population at 1/2 mile, number",Population count beyond 1/2 mile from supermarket
Table.Column,lapophalfshare,number,"Low access, population at 1/2 mile, share",Share of tract population that are beyond 1/2 mile from supermarket
Table.Column,lalowihalf,number,"Low access, low-income population at 1/2 mile, number",Low income population count beyond 1/2 mile from supermarket
Table.Column,lalowihalfshare,number,"Low access, low-income population at 1/2 mile, share",Share of tract population that are low income individuals beyond 1/2 mile from supermarket
Table.Column,lakidshalf,number,"Low access, children age 0-17 at 1/2 mile, number",Kids population count beyond 1/2 mile from supermarket
Table.Column,lakidshalfshare,number,"Low access, children age 0-17 at 1/2 mile, share",Share of tract population that are kids beyond 1/2 mile from supermarket
Table.Column,laseniorshalf,number,"Low access, seniors age 65+ at 1/2 mile, number",Seniors population count beyond 1/2 mile from supermarket
Table.Column,laseniorshalfshare,number,"Low access, seniors age 65+ at 1/2 mile, share",Share of tract population that are seniors beyond 1/2 mile from supermarket
Table.Column,lawhitehalf,number,"Low access, White population at 1/2 mile, number",White population count beyond 1/2 mile from supermarket
Table.Column,lawhitehalfshare,number,"Low access, White population at 1/2 mile, share",Share of tract population that are white beyond 1/2 mile from supermarket
Table.Column,lablackhalf,number,"Low access, Black or African American population at 1/2 mile, number",Black or African American population count beyond 1/2 mile from supermarket
Table.Column,lablackhalfshare,number,"Low access, Black or African American population at 1/2 mile, share",Share of tract population that are Black or African American beyond 1/2 mile from supermarket
Table.Column,laasianhalf,number,"Low access, Asian population at 1/2 mile, number",Asian population count beyond 1/2 mile from supermarket
Table.Column,laasianhalfshare,number,"Low access, Asian population at 1/2 mile, share",Share of tract population that are Asian beyond 1/2 mile from supermarket
Table.Column,lanhopihalf,number,"Low access, Native Hawaiian or Other Pacific Islander population at 1/2 mile, number",Native Hawaiian or Other Pacific Islander population count beyond 1/2 mile from supermarket
Table.Column,lanhopihalfshare,number,"Low access, Native Hawaiian or Other Pacific Islander population at 1/2 mile, share",Share of tract population that are Native Hawaiian or Other Pacific Islander beyond 1/2 mile from supermarket
Table.Column,laaianhalf,number,"Low access, American Indian or Alaska Native population at 1/2 mile, number",American Indian or Alaska Native population count beyond 1/2 mile from supermarket
Table.Column,laaianhalfshare,number,"Low access, American Indian or Alaska Native population at 1/2 mile, share",Share of tract population that are American Indian or Alaska Native beyond 1/2 mile from supermarket
Table.Column,laomultirhalf,number,"Low access, Other/Multiple race population at 1/2 mile, number",Other/Multiple race population count beyond 1/2 mile from supermarket
Table.Column,laomultirhalfshare,number,"Low access, Other/Multiple race population at 1/2 mile, share",Share of tract population that are Other/Multiple race beyond 1/2 mile from supermarket
Table.Column,lahisphalf,number,"Low access, Hispanic or Latino population at 1/2 mile, number",Hispanic or Latino ethnicity population count beyond 1/2 mile from supermarket
Table.Column,lahisphalfshare,number,"Low access, Hispanic or Latino population at 1/2 mile, share",Share of tract population that are of Hispanic or Latino ethnicity beyond 1/2 mile from supermarket
Table.Column,lahunvhalf,number,"Vehicle access, housing units without and low access at 1/2 mile, number",Housing units without vehicle count beyond 1/2 mile from supermarket
Table.Column,lahunvhalfshare,number,"Vehicle access, housing units without and low access at 1/2 mile, share",Share of tract housing units that are without vehicle and beyond 1/2 mile from supermarket
Table.Column,lasnaphalf,number,"Low access, housing units receiving SNAP benefits at 1/2 mile, number",Housing units receiving SNAP benefits count beyond 1/2 mile from supermarket
Table.Column,lasnaphalfshare,number,"Low access, housing units receiving SNAP benefits at 1/2 mile, share",Share of tract housing units receiving SNAP benefits count beyond 1/2 mile from supermarket
Table.Column,lapop1,number,"Low access, population at 1 mile, number",Population count beyond 1 mile from supermarket
Table.Column,lapop1share,number,"Low access, population at 1 mile, share",Share of tract population that are beyond 1 mile from supermarket
Table.Column,lalowi1,number,"Low access, low-income population at 1 mile, number",Low income population count beyond 1 mile from supermarket
Table.Column,lalowi1share,number,"Low access, low-income population at 1 mile, share",Share of tract population that are low income individuals beyond 1 mile from supermarket
Table.Column,lakids1,number,"Low access, children age 0-17 at 1 mile, number",Kids population count beyond 1 mile from supermarket
Table.Column,lakids1share,number,"Low access, children age 0-17 at 1 mile, share",Share of tract population that are kids beyond 1 mile from supermarket
Table.Column,laseniors1,number,"Low access, seniors age 65+ at 1 mile, number",Seniors population count beyond 1 mile from supermarket
Table.Column,laseniors1share,number,"Low access, seniors age 65+ at 1 mile, share",Share of tract population that are seniors beyond 1 mile from supermarket
Table.Column,lawhite1,number,"Low access, White population at 1 mile, number",White population count beyond 1 mile from supermarket
Table.Column,lawhite1share,number,"Low access, White population at 1 mile, share",Share of tract population that are white beyond 1 mile from supermarket
Table.Column,lablack1,number,"Low access, Black or African American population at 1 mile, number",Black or African American population count beyond 1 mile from supermarket
Table.Column,lablack1share,number,"Low access, Black or African American population at 1 mile, share",Share of tract population that are Black or African American beyond 1 mile from supermarket
Table.Column,laasian1,number,"Low access, Asian population at 1 mile, number",Asian population count beyond 1 mile from supermarket
Table.Column,laasian1share,number,"Low access, Asian population at 1 mile, share",Share of tract population that are Asian beyond 1 mile from supermarket
Table.Column,lanhopi1,number,"Low access, Native Hawaiian and Other Pacific Islander population at 1 mile, number",Native Hawaiian or Other Pacific Islander population count beyond 1 mile from supermarket
Table.Column,lanhopi1share,number,"Low access, Native Hawaiian and Other Pacific Islander population at 1 mile, share",Share of tract population that are Native Hawaiian or Other Pacific Islander beyond 1 mile from supermarket
Table.Column,laaian1,number,"Low access, American Indian and Alaska Native population at 1 mile, number",American Indian or Alaska Native population count beyond 1 mile from supermarket
Table.Column,laaian1share,number,"Low access, American Indian and Alaska Native population at 1 mile, share",Share of tract population that are American Indian or Alaska Native beyond 1 mile from supermarket
Table.Column,laomultir1,number,"Low access, Other/Multiple race population at 1 mile, number",Other/Multiple race population count beyond 1 mile from supermarket
Table.Column,laomultir1share,number,"Low access, Other/Multiple race population at 1 mile, share",Share of tract population that are Other/Multiple race beyond 1 mile from supermarket
Table.Column,lahisp1,number,"Low access, Hispanic or Latino population at 1 mile, number",Hispanic or Latino ethnicity population count beyond 1 mile from supermarket
Table.Column,lahisp1share,number,"Low access, Hispanic or Latino population at 1 mile, share",Share of tract population that are of Hispanic or Latino ethnicity beyond 1 mile from supermarket
Table.Column,lahunv1,number,"Vehicle access, housing units without and low access at 1 mile, number",Housing units without vehicle count beyond 1 mile from supermarket
Table.Column,lahunv1share,number,"Vehicle access, housing units without and low access at 1 mile, share",Share of tract housing units that are without vehicle and beyond 1 mile from supermarket
Table.Column,lasnap1,number,"Low access, housing units receiving SNAP benefits at 1 mile, number",Housing units receiving SNAP benefits count beyond 1 mile from supermarket
Table.Column,lasnap1share,number,"Low access, housing units receiving SNAP benefits at 1 mile, share",Share of tract housing units receiving SNAP benefits count beyond 1 mile from supermarket
Table.Column,lapop10,integer,"Low access, population at 10 miles, number",Population count beyond 10 miles from supermarket
Table.Column,lapop10share,integer,"Low access, population at 10 miles, share",Share of tract population that are beyond 10 miles from supermarket
Table.Column,lalowi10,integer,"Low access, low-income population at 10 miles, number",Low income population count beyond 10 miles from supermarket
Table.Column,lalowi10share,integer,"Low access, low-income population at 10 miles, share",Share of tract population that are low income individuals beyond 10 miles from supermarket
Table.Column,lakids10,integer,"Low access, children age 0-17 at 10 miles, number",Kids population count beyond 10 miles from supermarket
Table.Column,lakids10share,integer,"Low access, children age 0-17 at 10 miles, share",Share of tract population that are kids beyond 10 miles from supermarket
Table.Column,laseniors10,integer,"Low access, seniors age 65+ at 10 miles, number",Seniors population count beyond 10 miles from supermarket
Table.Column,laseniors10share,integer,"Low access, seniors age 65+ at 10 miles, share",Share of tract population that are seniors beyond 10 miles from supermarket
Table.Column,lawhite10,integer,"Low access, White population at 10 miles, number",White population count beyond 10 miles from supermarket
Table.Column,lawhite10share,integer,"Low access, White population at 10 miles, share",Share of tract population that are white beyond 10 miles from supermarket
Table.Column,lablack10,integer,"Low access, Black or African American population at 10 miles, number",Black or African American population count beyond 10 miles from supermarket
Table.Column,lablack10share,integer,"Low access, Black or African American population at 10 miles, share",Share of tract population that are Black or African American beyond 10 miles from supermarket
Table.Column,laasian10,integer,"Low access, Asian population at 10 miles, number",Asian population count beyond 10 miles from supermarket
Table.Column,laasian10share,integer,"Low access, Asian population at 10 miles, share",Share of tract population that are Asian beyond 10 miles from supermarket
Table.Column,lanhopi10,integer,"Low access, Native Hawaiian and Other Pacific Islander population at 10 miles, number",Native Hawaiian or Other Pacific Islander population count beyond 10 miles from supermarket
Table.Column,lanhopi10share,integer,"Low access, Native Hawaiian and Other Pacific Islander population at 10 miles, share",Share of tract population that are Native Hawaiian or Other Pacific Islander beyond 10 miles from supermarket
Table.Column,laaian10,integer,"Low access, American Indian and Alaska Native population at 10 miles, number",American Indian or Alaska Native population count beyond 10 miles from supermarket
Table.Column,laaian10share,integer,"Low access, American Indian and Alaska Native population at 10 miles, share",Share of tract population that are American Indian or Alaska Native beyond 10 miles from supermarket
Table.Column,laomultir10,integer,"Low access, Other/Multiple race population at 10 miles, number",Other/Multiple race population count beyond 10 miles from supermarket
Table.Column,laomultir10share,integer,"Low access, Other/Multiple race population at 10 miles, share",Share of tract population that are Other/Multiple race beyond 10 miles from supermarket
Table.Column,lahisp10,integer,"Low access, Hispanic or Latino population at 10 miles, number",Hispanic or Latino ethnicity population count beyond 10 miles from supermarket
Table.Column,lahisp10share,integer,"Low access, Hispanic or Latino population at 10 miles, share",Share of tract population that are of Hispanic or Latino ethnicity beyond 10 miles from supermarket
Table.Column,lahunv10,integer,"Vehicle access, housing units without and low access at 10 miles, number",Housing units without vehicle count beyond 10 miles from supermarket
Table.Column,lahunv10share,integer,"Vehicle access, housing units without and low access at 10 miles, share",Share of tract housing units that are without vehicle and beyond 10 miles from supermarket
Table.Column,lasnap10,integer,"Low access, housing units receiving SNAP benefits at 10 miles, number",Housing units receiving SNAP benefits count beyond 10 miles from supermarket
Table.Column,lasnap10share,integer,"Low access,housing units receiving SNAP benefits at 10 miles, share",Share of tract housing units receiving SNAP benefits count beyond 10 miles from supermarket
Table.Column,lapop20,integer,"Low access, population at 20 miles, number",Population count beyond 20 miles from supermarket
Table.Column,lapop20share,integer,"Low access, population at 20 miles, share",Share of tract population that are beyond 20 miles from supermarket
Table.Column,lalowi20,integer,"Low access, low-income population at 20 miles, number",Low income population count beyond 20 miles from supermarket
Table.Column,lalowi20share,integer,"Low access, low-income population at 20 miles, share",Share of tract population that are low income individuals beyond 20 miles from supermarket
Table.Column,lakids20,integer,"Low access, children age 0-17 at 20 miles, number",Kids population count beyond 20 miles from supermarket
Table.Column,lakids20share,integer,"Low access, children age 0-17 at 20 miles, share",Share of tract population that are kids beyond 20 miles from supermarket
Table.Column,laseniors20,integer,"Low access, seniors age 65+ at 20 miles, number",Seniors population count beyond 20 miles from supermarket
Table.Column,laseniors20share,integer,"Low access, seniors age 65+ at 20 miles, share",Share of tract population that are seniors beyond 20 miles from supermarket
Table.Column,lawhite20,integer,"Low access, White population at 20 miles, number",White population count beyond 20 miles from supermarket
Table.Column,lawhite20share,integer,"Low access, White population at 20 miles, share",Share of tract population that are white beyond 20 miles from supermarket
Table.Column,lablack20,integer,"Low access, Black or African American population at 20 miles, number",Black or African American population count beyond 20 miles from supermarket
Table.Column,lablack20share,integer,"Low access, Black or African American population at 20 miles, share",Share of tract population that are Black or African American beyond 20 miles from supermarket
Table.Column,laasian20,integer,"Low access, Asian population at 20 miles, number",Asian population count beyond 20 miles from supermarket
Table.Column,laasian20share,integer,"Low access, Asian population at 20 miles, share",Share of tract population that are Asian beyond 20 miles from supermarket
Table.Column,lanhopi20,integer,"Low access, Native Hawaiian and Other Pacific Islander population at 20 miles, number",Native Hawaiian or Other Pacific Islander population count beyond 20 miles from supermarket
Table.Column,lanhopi20share,integer,"Low access, Native Hawaiian and Other Pacific Islander population at 20 miles, share",Share of tract population that are Native Hawaiian or Other Pacific Islander beyond 20 miles from supermarket
Table.Column,laaian20,integer,"Low access, American Indian and Alaska Native population at 20 miles, number",American Indian or Alaska Native population count beyond 20 miles from supermarket
Table.Column,laaian20share,integer,"Low access, American Indian and Alaska Native population at 20 miles, share",Share of tract population that are American Indian or Alaska Native beyond 20 miles from supermarket
Table.Column,laomultir20,integer,"Low access, Other/Multiple race population at 20 miles, number",Other/Multiple race population count beyond 20 miles from supermarket
Table.Column,laomultir20share,integer,"Low access, Other/Multiple race population at 20 miles, share",Share of tract population that are Other/Multiple race beyond 20 miles from supermarket
Table.Column,lahisp20,integer,"Low access, Hispanic or Latino population at 20 miles, number",Hispanic or Latino ethnicity population count beyond 20 miles from supermarket
Table.Column,lahisp20share,integer,"Low access, Hispanic or Latino population at 20 miles, share",Share of tract population that are of Hispanic or Latino ethnicity beyond 20 miles from supermarket
Table.Column,lahunv20,integer,"Vehicle access, housing units without and low access at 20 miles, number",Housing units without vehicle count beyond 20 miles from supermarket
Table.Column,lahunv20share,integer,"Vehicle access, housing units without and low access at 20 miles, share",Share of tract housing units that are without vehicle and beyond 20 miles from supermarket
Table.Column,lasnap20,integer,"Low access, housing units receiving SNAP benefits at 20 miles, number",Housing units receiving SNAP benefits count beyond 20 miles from supermarket
Table.Column,lasnap20share,integer,"Low access, housing units receiving SNAP benefits at 20 miles, share",Share of tract housing units receiving SNAP benefits count beyond 20 miles from supermarket
Table.Column,tractlowi,integer,"Tract low-income population, number",Total count of low-income population in tract
Table.Column,tractkids,integer,"Tract children age 0-17, number",Total count of children age 0-17 in tract
Table.Column,tractseniors,integer,"Tract seniors age 65+, number",Total count of seniors age 65+ in tract
Table.Column,tractwhite,integer,"Tract White population, number",Total count of White population in tract
Table.Column,tractblack,integer,"Tract Black or African American population, number",Total count of Black or African American population in tract
Table.Column,tractasian,integer,"Tract Asian population, number",Total count of Asian population in tract
Table.Column,tractnhopi,integer,"Tract Native Hawaiian and Other Pacific Islander population, number",Total count of Native Hawaiian and Other Pacific Islander population in tract
Table.Column,tractaian,integer,"Tract American Indian and Alaska Native population, number",Total count of American Indian and Alaska Native population in tract
Table.Column,tractomultir,integer,"Tract Other/Multiple race population, number",Total count of Other/Multiple race population in tract
Table.Column,tracthispanic,integer,"Tract Hispanic or Latino population, number",Total count of Hispanic or Latino population in tract
Table.Column,tracthunv,integer,"Tract housing units without a vehicle, number",Total count of housing units without a vehicle in tract
Table.Column,tractsnap,integer,"Tract housing units receiving SNAP benefits, number",Total count of housing units receiving SNAP benefits in tract
