{
    "declare": "metatab-latest",
    "title": "Small Area Estimates for Diabetes in San Diego",
    "description": "Tract estimates for diabetes by race, age, sex and poverty status, from 2015-2017 CHIS.",
    "identifier": "119914cb-798e-4e9f-ad8a-22d09cfcefac",
    "name": "sandiegodata.org-diabetes_sae-1",
    "dataset": "diabetes_sae",
    "origin": "sandiegodata.org",
    "time": null,
    "space": null,
    "grain": null,
    "variant": null,
    "version": "1",
    "created": "2018-12-05T23:54:30",
    "modified": "2018-12-08T01:08:07",
    "issued": "2018-12-08T01:08:07",
    "giturl": "https://github.com/SDRDLAnalysts/data-projects.git",
    "resources": [
        {
            "path": "data/tract_diabetes.csv",
            "name": "tract_diabetes",
            "schema": {
                "fields": [
                    {
                        "name": "geoid",
                        "type": "string"
                    },
                    {
                        "name": "asian",
                        "type": "number"
                    },
                    {
                        "name": "black",
                        "type": "string"
                    },
                    {
                        "name": "hisp",
                        "type": "number"
                    },
                    {
                        "name": "nhwhite",
                        "type": "number"
                    },
                    {
                        "name": "other",
                        "type": "number"
                    },
                    {
                        "name": "total",
                        "type": "number"
                    }
                ]
            }
        }
    ]
}